Year,Tasa_promedio
2019,6562.745535714285
2020,4991.915178571428
2021,5803.651785714285
